{
  "__comment": "Instructions: https://blakesmods.com/docs/cucumber/tags-config",
  "forge:ingots/titanium": "null",
  "forge:rubber": "null",
  "forge:dusts/niter": "thermal:niter_dust",
  "forge:gems/peridot": "null",
  "forge:silicon": "refinedstorage:silicon",
  "forge:ingots/platinum": "null",
  "forge:ingots/mithril": "null",
  "forge:ingots/iridium": "null",
  "forge:ingots/tungsten": "null",
  "forge:ingots/chrome": "null",
  "forge:dusts/saltpeter": "immersiveengineering:dust_saltpeter",
  "forge:ingots/graphite": "bigreactors:graphite_ingot"
}