{
  "apotheosis:adventure": null,
  "apotheosis:ench": null,
  "apotheosis:spawner": null,
  "ars_nouveau:mob_jar": null,
  "corpse:corpse": null,
  "create:backtank_capacity": null,
  "create:blaze_burner": null,
  "create:contraption_inv": null,
  "create:crafting_blueprint": null,
  "create:exact_block": null,
  "create:filter": null,
  "create:goggles": null,
  "create:hide_boiler_tanks": null,
  "create:placard": null,
  "exposure:lightroom": null,
  "exposure:photograph_frame": null,
  "immersiveengineering:multiblock_icon": null,
  "immersiveengineering:multiblock_inventory": null,
  "immersiveengineering:multiblock_tank": null,
  "jade:block_face": null,
  "jade:distance": null,
  "jade:mod_name": null,
  "jade:object_name": null,
  "jade:registry_name": null,
  "lootr:info": null,
  "lootr:inventory": null,
  "mekanism:data_provider": null,
  "mekanism:entity_data_provider": null,
  "mekanism:remove_builtin": null,
  "mekanism:tooltip_renderer": null,
  "minecraft:animal_owner": null,
  "minecraft:armor_stand": null,
  "minecraft:beehive": null,
  "minecraft:block_display": null,
  "minecraft:block_states": null,
  "minecraft:brewing_stand": null,
  "minecraft:campfire": null,
  "minecraft:chicken_egg": null,
  "minecraft:chiseled_bookshelf": null,
  "minecraft:command_block": null,
  "minecraft:crop_progress": null,
  "minecraft:enchantment_power": null,
  "minecraft:energy_storage": null,
  "minecraft:entity_armor": null,
  "minecraft:entity_health": null,
  "minecraft:falling_block": null,
  "minecraft:fluid_storage": null,
  "minecraft:furnace": null,
  "minecraft:harvest_tool": null,
  "minecraft:horse_stats": null,
  "minecraft:item_ber": null,
  "minecraft:item_display": null,
  "minecraft:item_frame": null,
  "minecraft:item_storage": null,
  "minecraft:item_tooltip": null,
  "minecraft:jukebox": null,
  "minecraft:lectern": null,
  "minecraft:mob_breeding": null,
  "minecraft:mob_growth": null,
  "minecraft:mob_spawner": null,
  "minecraft:note_block": null,
  "minecraft:painting": null,
  "minecraft:player_head": null,
  "minecraft:potion_effects": null,
  "minecraft:progress": null,
  "minecraft:redstone": null,
  "minecraft:tnt_stability": null,
  "minecraft:total_enchantment_power": null,
  "minecraft:villager_profession": null,
  "minecraft:waxed": null,
  "minecraft:zombie_villager": null,
  "mysticalagradditions:infused_farmland": null,
  "mysticalagriculture:crop": null,
  "mysticalagriculture:inferium_crop": null,
  "mysticalagriculture:infused_farmland": null,
  "pipez:pipe": null,
  "supplementaries:hat_stand": null,
  "supplementaries:present": null,
  "supplementaries:safe": null
}